N	Id	Description	Localization	Epitope	Start	End	N-Glyc	N-Glyc-Count	N-Glyc-Motifs	Length	MW(kDa)	I.P	Hydropathy	All Matches Cover	Avg Cover	BepiPred3	Emini	Kolaskar	Chou Fosman	Karplus Schulz	Parker
1	Q8F7D7	Q8F7D7	CytoplasmicMembrane	GTPKLQSAPQFQPEPT	77	93	N	0	-	16	1.73	6.00	-1.16	0.38	0.84	0.20	1.40	1.03	1.06	1.04	2.33
2	Q8F005	Q8F005	CytoplasmicMembrane	QEPGTTTNPLPQ	774	786	N	0	-	12	1.28	4.00	-1.46	0.17	0.83	0.20	1.50	0.97	1.13	1.07	3.86
3	Q8F937	Q8F937	Cytoplasmic	TLDKTDNPLKN	892	903	N	0	-	11	1.26	5.63	-1.56	0.00	0.80	0.18	2.37	0.96	1.21	1.07	4.01
4	Q8EZN3	Q8EZN3	CytoplasmicMembrane	EEGTKKKPEKTVKSKKQN	624	642	N	0	-	18	2.09	9.88	-2.49	0.00	0.79	0.20	3.56	0.95	1.05	1.09	5.01
5	Q8F005	Q8F005	CytoplasmicMembrane	KASYSKKGNSEETRI	388	403	N	0	-	15	1.70	9.53	-1.68	0.00	0.75	0.21	2.41	0.95	1.09	1.07	4.98
6	Q8F7A3	Q8F7A3	CytoplasmicMembrane	PEPEPTTHPTQPKKKQKTNIFQ	798	820	N	0	-	22	2.57	9.56	-1.97	0.00	0.69	0.22	3.09	0.98	1.07	1.06	3.58
7	P59247	P59247	CytoplasmicMembrane	GEEQDGDSERNR	203	215	N	0	-	12	1.39	4.18	-2.93	0.00	0.67	0.19	5.27	0.76	0.96	0.82	5.60
8	Q8F9F3	Q8F9F3	CytoplasmicMembrane	SPNATEKLNTLF	116	128	Y	1	NAT[3:5]	12	1.33	5.72	-0.50	0.00	0.67	0.20	1.38	1.00	0.99	1.02	1.96
9	Q8F937	Q8F937	Cytoplasmic	NSTLQNQTKTN	1	12	Y	2	NST[1:3]-NQT[6:8]	11	1.25	8.75	-1.86	0.00	0.65	0.18	2.42	0.78	0.86	0.87	3.24
10	Q8EYY4	Q8EYY4	CytoplasmicMembrane	WTDTETFNHE	429	439	N	0	-	10	1.28	4.13	-1.74	0.00	0.62	0.20	1.41	0.95	0.97	1.00	2.81
11	Q8F2Z5	Q8F2Z5	CytoplasmicMembrane	TLIRTARTVE	670	680	N	0	-	10	1.16	9.26	-0.03	0.00	0.60	0.20	1.87	1.00	0.84	1.01	1.74
12	Q8F6T0	Q8F6T0	CytoplasmicMembrane	DGERDHHKSMDFREF	773	788	N	0	-	15	1.91	5.35	-2.03	0.00	0.56	0.19	1.91	0.97	1.02	1.01	3.27
13	Q8F145	Q8F145	CytoplasmicMembrane	QNQFEAPLFF	82	92	N	0	-	10	1.24	4.00	-0.16	0.00	0.52	0.19	1.47	1.03	0.92	1.00	-0.15
14	Q8F7D7	Q8F7D7	CytoplasmicMembrane	KMMETGIQTLKT	1	13	N	0	-	12	1.38	8.59	-0.43	0.00	0.30	0.19	0.89	0.80	0.74	0.85	1.42
