N	Id	Description	Localization	         Method	Threshold	Avg Score	Cover	Epitope	Start	End	N-Glyc	N-Glyc-Count	N-Glyc-Motifs	Length	kDa	I.P	Avg Hydropathy	Avg Cover
1	Q8F7D7	Q8F7D7	CytoplasmicMembrane	   BepiPred-3.0	0.15	0.20	-	GTPKLQSAPQFQPEPT	77	93	N	0	-	16	1.73	6.00	-1.16	0.84
				          Emini	1.00	1.40	0.94	E.EEEEEEEEEEEEEE         	
				       Kolaskar	1.03	1.03	0.50	.EE.EEEEEE......         	
				    Chou Fosman	0.98	1.06	0.88	EEEEEEE.EEEEE.EE         	
				 Karplus Schulz	1.00	1.04	1.00	EEEEEEEEEEEEEEEE         	
				         Parker	1.38	2.33	0.88	EEEEEEE.EEEEE.EE         	
				    All matches	-	-	0.38	..E.EEE.EE......         	
				         N-Glyc	-	-	0.00	................         	
				     Hydropathy	-	-1.16	-	----+--+--+-----         	
2	Q8F005	Q8F005	CytoplasmicMembrane	   BepiPred-3.0	0.15	0.20	-	QEPGTTTNPLPQ	774	786	N	0	-	12	1.28	4.00	-1.46	0.83
				          Emini	1.00	1.50	1.00	EEEEEEEEEEEE         	
				       Kolaskar	1.02	0.97	0.17	.........E.E         	
				    Chou Fosman	0.98	1.13	1.00	EEEEEEEEEEEE         	
				 Karplus Schulz	1.00	1.07	1.00	EEEEEEEEEEEE         	
				         Parker	1.34	3.86	1.00	EEEEEEEEEEEE         	
				    All matches	-	-	0.17	.........E.E         	
				         N-Glyc	-	-	0.00	............         	
				     Hydropathy	-	-1.46	-	---------+--         	
3	Q8F937	Q8F937	Cytoplasmic	   BepiPred-3.0	0.15	0.18	-	TLDKTDNPLKN	892	903	N	0	-	11	1.26	5.63	-1.56	0.80
				          Emini	1.00	2.37	1.00	EEEEEEEEEEE         	
				       Kolaskar	1.03	0.96	0.00	...........         	
				    Chou Fosman	0.97	1.21	1.00	EEEEEEEEEEE         	
				 Karplus Schulz	0.99	1.07	1.00	EEEEEEEEEEE         	
				         Parker	1.26	4.01	1.00	EEEEEEEEEEE         	
				    All matches	-	-	0.00	...........         	
				         N-Glyc	-	-	0.00	...........         	
				     Hydropathy	-	-1.56	-	-+------+--         	
4	Q8EZN3	Q8EZN3	CytoplasmicMembrane	   BepiPred-3.0	0.15	0.20	-	EEGTKKKPEKTVKSKKQN	624	642	N	0	-	18	2.09	9.88	-2.49	0.79
				          Emini	1.00	3.56	1.00	EEEEEEEEEEEEEEEEEE         	
				       Kolaskar	1.02	0.95	0.00	..................         	
				    Chou Fosman	0.95	1.05	0.94	EEEEEEEEEEE.EEEEEE         	
				 Karplus Schulz	1.00	1.09	1.00	EEEEEEEEEEEEEEEEEE         	
				         Parker	1.41	5.01	1.00	EEEEEEEEEEEEEEEEEE         	
				    All matches	-	-	0.00	..................         	
				         N-Glyc	-	-	0.00	..................         	
				     Hydropathy	-	-2.49	-	-----------+------         	
5	Q8F005	Q8F005	CytoplasmicMembrane	   BepiPred-3.0	0.15	0.21	-	KASYSKKGNSEETRI	388	403	N	0	-	15	1.70	9.53	-1.68	0.75
				          Emini	1.00	2.41	1.00	EEEEEEEEEEEEEEE         	
				       Kolaskar	1.02	0.95	0.00	...............         	
				    Chou Fosman	0.98	1.09	0.73	EEEEEEEEEEE....         	
				 Karplus Schulz	1.00	1.07	1.00	EEEEEEEEEEEEEEE         	
				         Parker	1.34	4.98	1.00	EEEEEEEEEEEEEEE         	
				    All matches	-	-	0.00	...............         	
				         N-Glyc	-	-	0.00	...............         	
				     Hydropathy	-	-1.68	-	-+------------+         	
6	Q8F7A3	Q8F7A3	CytoplasmicMembrane	   BepiPred-3.0	0.15	0.22	-	PEPEPTTHPTQPKKKQKTNIFQ	798	820	N	0	-	22	2.57	9.56	-1.97	0.69
				          Emini	1.00	3.09	0.73	.EEEEEEEEEEEEEEEE.....         	
				       Kolaskar	1.02	0.98	0.00	......................         	
				    Chou Fosman	0.98	1.07	0.91	EEEEEEEEEEEEEEEEE..EEE         	
				 Karplus Schulz	1.00	1.06	0.91	EEEEEEEEEEEEEEEEEEE..E         	
				         Parker	1.30	3.58	0.91	..EEEEEEEEEEEEEEEEEEEE         	
				    All matches	-	-	0.00	......................         	
				         N-Glyc	-	-	0.00	......................         	
				     Hydropathy	-	-1.97	-	-------------------++-         	
7	P59247	P59247	CytoplasmicMembrane	   BepiPred-3.0	0.15	0.19	-	GEEQDGDSERNR	203	215	N	0	-	12	1.39	4.18	-2.93	0.67
				          Emini	1.00	5.27	0.83	EEEEEEEEEE..         	
				       Kolaskar	1.07	0.76	0.00	............         	
				    Chou Fosman	0.91	0.96	0.75	.EEEEEEEEE..         	
				 Karplus Schulz	0.97	0.82	0.75	EEEEEEEEE...         	
				         Parker	-0.88	5.60	1.00	EEEEEEEEEEEE         	
				    All matches	-	-	0.00	............         	
				         N-Glyc	-	-	0.00	............         	
				     Hydropathy	-	-2.93	-	------------         	
8	Q8F9F3	Q8F9F3	CytoplasmicMembrane	   BepiPred-3.0	0.15	0.20	-	SPNATEKLNTLF	116	128	Y	1	NAT[3:5]	12	1.33	5.72	-0.50	0.67
				          Emini	1.00	1.38	0.67	..EEEEEE..EE         	
				       Kolaskar	1.04	1.00	0.25	EE........E.         	
				    Chou Fosman	0.96	0.99	0.67	EEEEEE....EE         	
				 Karplus Schulz	0.99	1.02	1.00	EEEEEEEEEEEE         	
				         Parker	0.80	1.96	0.75	EEEEEEEE...E         	
				    All matches	-	-	0.00	............         	
				         N-Glyc	-	-	0.25	..EEE.......         	
				     Hydropathy	-	-0.50	-	---+---+--++         	
9	Q8F937	Q8F937	Cytoplasmic	   BepiPred-3.0	0.15	0.18	-	NSTLQNQTKTN	1	12	Y	2	NST[1:3]-NQT[6:8]	11	1.25	8.75	-1.86	0.65
				          Emini	1.00	2.42	0.91	.EEEEEEEEEE         	
				       Kolaskar	1.03	0.78	0.00	...........         	
				    Chou Fosman	0.97	0.86	0.73	..EEEEEEE.E         	
				 Karplus Schulz	0.99	0.87	0.82	..EEEEEEEEE         	
				         Parker	1.26	3.24	0.82	..EEEEEEEEE         	
				    All matches	-	-	0.00	...........         	
				         N-Glyc	-	-	0.55	EEE..EEE...         	
				     Hydropathy	-	-1.86	-	---+-------         	
10	Q8EYY4	Q8EYY4	CytoplasmicMembrane	   BepiPred-3.0	0.15	0.20	-	WTDTETFNHE	429	439	N	0	-	10	1.28	4.13	-1.74	0.62
				          Emini	1.00	1.41	0.80	.EEEEEEE.E         	
				       Kolaskar	1.03	0.95	0.00	..........         	
				    Chou Fosman	0.94	0.97	0.60	EEEEEE....         	
				 Karplus Schulz	0.98	1.00	0.70	EEEEEEE...         	
				         Parker	-0.11	2.81	1.00	EEEEEEEEEE         	
				    All matches	-	-	0.00	..........         	
				         N-Glyc	-	-	0.00	..........         	
				     Hydropathy	-	-1.74	-	------+---         	
11	Q8F2Z5	Q8F2Z5	CytoplasmicMembrane	   BepiPred-3.0	0.15	0.20	-	TLIRTARTVE	670	680	N	0	-	10	1.16	9.26	-0.03	0.60
				          Emini	1.00	1.87	0.90	EE.EEEEEEE         	
				       Kolaskar	1.05	1.00	0.00	..........         	
				    Chou Fosman	0.91	0.84	0.10	.E........         	
				 Karplus Schulz	0.98	1.01	1.00	EEEEEEEEEE         	
				         Parker	-0.33	1.74	1.00	EEEEEEEEEE         	
				    All matches	-	-	0.00	..........         	
				         N-Glyc	-	-	0.00	..........         	
				     Hydropathy	-	-0.03	-	-++--+--+-         	
12	Q8F6T0	Q8F6T0	CytoplasmicMembrane	   BepiPred-3.0	0.15	0.19	-	DGERDHHKSMDFREF	773	788	N	0	-	15	1.91	5.35	-2.03	0.56
				          Emini	1.00	1.91	0.80	EEEEEEEEEEE...E         	
				       Kolaskar	1.03	0.97	0.00	...............         	
				    Chou Fosman	0.97	1.02	0.67	EEEEEEEEEE.....         	
				 Karplus Schulz	1.00	1.01	0.60	EEEEEEEEE......         	
				         Parker	1.27	3.27	0.73	EEEEEEEEEEE....         	
				    All matches	-	-	0.00	...............         	
				         N-Glyc	-	-	0.00	...............         	
				     Hydropathy	-	-2.03	-	---------+-+--+         	
13	Q8F145	Q8F145	CytoplasmicMembrane	   BepiPred-3.0	0.15	0.19	-	QNQFEAPLFF	82	92	N	0	-	10	1.24	4.00	-0.16	0.52
				          Emini	1.00	1.47	0.50	EEEEE.....         	
				       Kolaskar	1.07	1.03	0.40	......EEEE         	
				    Chou Fosman	0.91	0.92	0.60	EEEEE....E         	
				 Karplus Schulz	0.97	1.00	0.60	EEEEEE....         	
				         Parker	-0.98	-0.15	0.50	EEEEE.....         	
				    All matches	-	-	0.00	..........         	
				         N-Glyc	-	-	0.00	..........         	
				     Hydropathy	-	-0.16	-	---+-+-+++         	
14	Q8F7D7	Q8F7D7	CytoplasmicMembrane	   BepiPred-3.0	0.15	0.19	-	KMMETGIQTLKT	1	13	N	0	-	12	1.38	8.59	-0.43	0.30
				          Emini	1.00	0.89	0.25	.........EEE         	
				       Kolaskar	1.03	0.80	0.00	............         	
				    Chou Fosman	0.98	0.74	0.00	............         	
				 Karplus Schulz	1.00	0.85	0.67	....EEEEEEEE         	
				         Parker	1.38	1.42	0.58	..E..EEEEEE.         	
				    All matches	-	-	0.00	............         	
				         N-Glyc	-	-	0.00	............         	
				     Hydropathy	-	-0.43	-	-++---+--+--         	
